,MSN,YYYYMM,Value,Column_Order,Description,Unit
632,NNEIEUS,197301,12.163,2,Natural Gas Electric Power Sector CO2 Emissions,Million Metric Tons of Carbon Dioxide
633,NNEIEUS,197302,11.696,2,Natural Gas Electric Power Sector CO2 Emissions,Million Metric Tons of Carbon Dioxide
634,NNEIEUS,197303,13.979,2,Natural Gas Electric Power Sector CO2 Emissions,Million Metric Tons of Carbon Dioxide
635,NNEIEUS,197304,14.612,2,Natural Gas Electric Power Sector CO2 Emissions,Million Metric Tons of Carbon Dioxide
636,NNEIEUS,197305,17.326,2,Natural Gas Electric Power Sector CO2 Emissions,Million Metric Tons of Carbon Dioxide
637,NNEIEUS,197306,20.244,2,Natural Gas Electric Power Sector CO2 Emissions,Million Metric Tons of Carbon Dioxide
638,NNEIEUS,197307,23.043,2,Natural Gas Electric Power Sector CO2 Emissions,Million Metric Tons of Carbon Dioxide
639,NNEIEUS,197308,22.827,2,Natural Gas Electric Power Sector CO2 Emissions,Million Metric Tons of Carbon Dioxide
640,NNEIEUS,197309,19.278,2,Natural Gas Electric Power Sector CO2 Emissions,Million Metric Tons of Carbon Dioxide
641,NNEIEUS,197310,17.879,2,Natural Gas Electric Power Sector CO2 Emissions,Million Metric Tons of Carbon Dioxide
642,NNEIEUS,197311,13.752,2,Natural Gas Electric Power Sector CO2 Emissions,Million Metric Tons of Carbon Dioxide
643,NNEIEUS,197312,11.854,2,Natural Gas Electric Power Sector CO2 Emissions,Million Metric Tons of Carbon Dioxide
644,NNEIEUS,197313,198.653,2,Natural Gas Electric Power Sector CO2 Emissions,Million Metric Tons of Carbon Dioxide
645,NNEIEUS,197401,11.947,2,Natural Gas Electric Power Sector CO2 Emissions,Million Metric Tons of Carbon Dioxide
646,NNEIEUS,197402,11.01,2,Natural Gas Electric Power Sector CO2 Emissions,Million Metric Tons of Carbon Dioxide
647,NNEIEUS,197403,13.845,2,Natural Gas Electric Power Sector CO2 Emissions,Million Metric Tons of Carbon Dioxide
648,NNEIEUS,197404,14.09,2,Natural Gas Electric Power Sector CO2 Emissions,Million Metric Tons of Carbon Dioxide
649,NNEIEUS,197405,16.659,2,Natural Gas Electric Power Sector CO2 Emissions,Million Metric Tons of Carbon Dioxide
650,NNEIEUS,197406,18.84,2,Natural Gas Electric Power Sector CO2 Emissions,Million Metric Tons of Carbon Dioxide
651,NNEIEUS,197407,21.961,2,Natural Gas Electric Power Sector CO2 Emissions,Million Metric Tons of Carbon Dioxide
652,NNEIEUS,197408,20.726,2,Natural Gas Electric Power Sector CO2 Emissions,Million Metric Tons of Carbon Dioxide
653,NNEIEUS,197409,17.009,2,Natural Gas Electric Power Sector CO2 Emissions,Million Metric Tons of Carbon Dioxide
654,NNEIEUS,197410,16.219,2,Natural Gas Electric Power Sector CO2 Emissions,Million Metric Tons of Carbon Dioxide
655,NNEIEUS,197411,12.985,2,Natural Gas Electric Power Sector CO2 Emissions,Million Metric Tons of Carbon Dioxide
656,NNEIEUS,197412,11.232,2,Natural Gas Electric Power Sector CO2 Emissions,Million Metric Tons of Carbon Dioxide
657,NNEIEUS,197413,186.525,2,Natural Gas Electric Power Sector CO2 Emissions,Million Metric Tons of Carbon Dioxide
658,NNEIEUS,197501,11.153,2,Natural Gas Electric Power Sector CO2 Emissions,Million Metric Tons of Carbon Dioxide
659,NNEIEUS,197502,10.274,2,Natural Gas Electric Power Sector CO2 Emissions,Million Metric Tons of Carbon Dioxide
660,NNEIEUS,197503,11.484,2,Natural Gas Electric Power Sector CO2 Emissions,Million Metric Tons of Carbon Dioxide
661,NNEIEUS,197504,11.651,2,Natural Gas Electric Power Sector CO2 Emissions,Million Metric Tons of Carbon Dioxide
662,NNEIEUS,197505,14.96,2,Natural Gas Electric Power Sector CO2 Emissions,Million Metric Tons of Carbon Dioxide
663,NNEIEUS,197506,16.744,2,Natural Gas Electric Power Sector CO2 Emissions,Million Metric Tons of Carbon Dioxide
664,NNEIEUS,197507,19.691,2,Natural Gas Electric Power Sector CO2 Emissions,Million Metric Tons of Carbon Dioxide
665,NNEIEUS,197508,19.588,2,Natural Gas Electric Power Sector CO2 Emissions,Million Metric Tons of Carbon Dioxide
666,NNEIEUS,197509,17.177,2,Natural Gas Electric Power Sector CO2 Emissions,Million Metric Tons of Carbon Dioxide
667,NNEIEUS,197510,14.973,2,Natural Gas Electric Power Sector CO2 Emissions,Million Metric Tons of Carbon Dioxide
668,NNEIEUS,197511,12.385,2,Natural Gas Electric Power Sector CO2 Emissions,Million Metric Tons of Carbon Dioxide
669,NNEIEUS,197512,11.635,2,Natural Gas Electric Power Sector CO2 Emissions,Million Metric Tons of Carbon Dioxide
670,NNEIEUS,197513,171.715,2,Natural Gas Electric Power Sector CO2 Emissions,Million Metric Tons of Carbon Dioxide
671,NNEIEUS,197601,11.198,2,Natural Gas Electric Power Sector CO2 Emissions,Million Metric Tons of Carbon Dioxide
672,NNEIEUS,197602,10.814,2,Natural Gas Electric Power Sector CO2 Emissions,Million Metric Tons of Carbon Dioxide
673,NNEIEUS,197603,12.079,2,Natural Gas Electric Power Sector CO2 Emissions,Million Metric Tons of Carbon Dioxide
674,NNEIEUS,197604,12.353,2,Natural Gas Electric Power Sector CO2 Emissions,Million Metric Tons of Carbon Dioxide
675,NNEIEUS,197605,14.457,2,Natural Gas Electric Power Sector CO2 Emissions,Million Metric Tons of Carbon Dioxide
676,NNEIEUS,197606,16.991,2,Natural Gas Electric Power Sector CO2 Emissions,Million Metric Tons of Carbon Dioxide
677,NNEIEUS,197607,18.307,2,Natural Gas Electric Power Sector CO2 Emissions,Million Metric Tons of Carbon Dioxide
678,NNEIEUS,197608,17.878,2,Natural Gas Electric Power Sector CO2 Emissions,Million Metric Tons of Carbon Dioxide
679,NNEIEUS,197609,15.999,2,Natural Gas Electric Power Sector CO2 Emissions,Million Metric Tons of Carbon Dioxide
680,NNEIEUS,197610,13.553,2,Natural Gas Electric Power Sector CO2 Emissions,Million Metric Tons of Carbon Dioxide
681,NNEIEUS,197611,11.781,2,Natural Gas Electric Power Sector CO2 Emissions,Million Metric Tons of Carbon Dioxide
682,NNEIEUS,197612,11.639,2,Natural Gas Electric Power Sector CO2 Emissions,Million Metric Tons of Carbon Dioxide
683,NNEIEUS,197613,167.049,2,Natural Gas Electric Power Sector CO2 Emissions,Million Metric Tons of Carbon Dioxide
684,NNEIEUS,197701,11.185,2,Natural Gas Electric Power Sector CO2 Emissions,Million Metric Tons of Carbon Dioxide
685,NNEIEUS,197702,10.93,2,Natural Gas Electric Power Sector CO2 Emissions,Million Metric Tons of Carbon Dioxide
686,NNEIEUS,197703,12.644,2,Natural Gas Electric Power Sector CO2 Emissions,Million Metric Tons of Carbon Dioxide
687,NNEIEUS,197704,12.167,2,Natural Gas Electric Power Sector CO2 Emissions,Million Metric Tons of Carbon Dioxide
688,NNEIEUS,197705,14.169,2,Natural Gas Electric Power Sector CO2 Emissions,Million Metric Tons of Carbon Dioxide
689,NNEIEUS,197706,16.944,2,Natural Gas Electric Power Sector CO2 Emissions,Million Metric Tons of Carbon Dioxide
690,NNEIEUS,197707,18.905,2,Natural Gas Electric Power Sector CO2 Emissions,Million Metric Tons of Carbon Dioxide
691,NNEIEUS,197708,19.128,2,Natural Gas Electric Power Sector CO2 Emissions,Million Metric Tons of Carbon Dioxide
692,NNEIEUS,197709,17.701,2,Natural Gas Electric Power Sector CO2 Emissions,Million Metric Tons of Carbon Dioxide
693,NNEIEUS,197710,15.532,2,Natural Gas Electric Power Sector CO2 Emissions,Million Metric Tons of Carbon Dioxide
694,NNEIEUS,197711,12.763,2,Natural Gas Electric Power Sector CO2 Emissions,Million Metric Tons of Carbon Dioxide
695,NNEIEUS,197712,11.979,2,Natural Gas Electric Power Sector CO2 Emissions,Million Metric Tons of Carbon Dioxide
696,NNEIEUS,197713,174.046,2,Natural Gas Electric Power Sector CO2 Emissions,Million Metric Tons of Carbon Dioxide
697,NNEIEUS,197801,12.561,2,Natural Gas Electric Power Sector CO2 Emissions,Million Metric Tons of Carbon Dioxide
698,NNEIEUS,197802,11.573,2,Natural Gas Electric Power Sector CO2 Emissions,Million Metric Tons of Carbon Dioxide
699,NNEIEUS,197803,12.726,2,Natural Gas Electric Power Sector CO2 Emissions,Million Metric Tons of Carbon Dioxide
700,NNEIEUS,197804,12.232,2,Natural Gas Electric Power Sector CO2 Emissions,Million Metric Tons of Carbon Dioxide
701,NNEIEUS,197805,14.293,2,Natural Gas Electric Power Sector CO2 Emissions,Million Metric Tons of Carbon Dioxide
702,NNEIEUS,197806,17.615,2,Natural Gas Electric Power Sector CO2 Emissions,Million Metric Tons of Carbon Dioxide
703,NNEIEUS,197807,19.85,2,Natural Gas Electric Power Sector CO2 Emissions,Million Metric Tons of Carbon Dioxide
704,NNEIEUS,197808,18.65,2,Natural Gas Electric Power Sector CO2 Emissions,Million Metric Tons of Carbon Dioxide
705,NNEIEUS,197809,16.276,2,Natural Gas Electric Power Sector CO2 Emissions,Million Metric Tons of Carbon Dioxide
706,NNEIEUS,197810,14.407,2,Natural Gas Electric Power Sector CO2 Emissions,Million Metric Tons of Carbon Dioxide
707,NNEIEUS,197811,12.497,2,Natural Gas Electric Power Sector CO2 Emissions,Million Metric Tons of Carbon Dioxide
708,NNEIEUS,197812,12.057,2,Natural Gas Electric Power Sector CO2 Emissions,Million Metric Tons of Carbon Dioxide
709,NNEIEUS,197813,174.736,2,Natural Gas Electric Power Sector CO2 Emissions,Million Metric Tons of Carbon Dioxide
710,NNEIEUS,197901,12.534,2,Natural Gas Electric Power Sector CO2 Emissions,Million Metric Tons of Carbon Dioxide
711,NNEIEUS,197902,12.447,2,Natural Gas Electric Power Sector CO2 Emissions,Million Metric Tons of Carbon Dioxide
712,NNEIEUS,197903,14.282,2,Natural Gas Electric Power Sector CO2 Emissions,Million Metric Tons of Carbon Dioxide
713,NNEIEUS,197904,14.316,2,Natural Gas Electric Power Sector CO2 Emissions,Million Metric Tons of Carbon Dioxide
714,NNEIEUS,197905,15.213,2,Natural Gas Electric Power Sector CO2 Emissions,Million Metric Tons of Carbon Dioxide
715,NNEIEUS,197906,17.565,2,Natural Gas Electric Power Sector CO2 Emissions,Million Metric Tons of Carbon Dioxide
716,NNEIEUS,197907,20.26,2,Natural Gas Electric Power Sector CO2 Emissions,Million Metric Tons of Carbon Dioxide
717,NNEIEUS,197908,20.592,2,Natural Gas Electric Power Sector CO2 Emissions,Million Metric Tons of Carbon Dioxide
718,NNEIEUS,197909,18.559,2,Natural Gas Electric Power Sector CO2 Emissions,Million Metric Tons of Carbon Dioxide
719,NNEIEUS,197910,17.723,2,Natural Gas Electric Power Sector CO2 Emissions,Million Metric Tons of Carbon Dioxide
720,NNEIEUS,197911,14.317,2,Natural Gas Electric Power Sector CO2 Emissions,Million Metric Tons of Carbon Dioxide
721,NNEIEUS,197912,13.673,2,Natural Gas Electric Power Sector CO2 Emissions,Million Metric Tons of Carbon Dioxide
722,NNEIEUS,197913,191.481,2,Natural Gas Electric Power Sector CO2 Emissions,Million Metric Tons of Carbon Dioxide
723,NNEIEUS,198001,15.057,2,Natural Gas Electric Power Sector CO2 Emissions,Million Metric Tons of Carbon Dioxide
724,NNEIEUS,198002,14.354,2,Natural Gas Electric Power Sector CO2 Emissions,Million Metric Tons of Carbon Dioxide
725,NNEIEUS,198003,15.445,2,Natural Gas Electric Power Sector CO2 Emissions,Million Metric Tons of Carbon Dioxide
726,NNEIEUS,198004,13.956,2,Natural Gas Electric Power Sector CO2 Emissions,Million Metric Tons of Carbon Dioxide
727,NNEIEUS,198005,15.325,2,Natural Gas Electric Power Sector CO2 Emissions,Million Metric Tons of Carbon Dioxide
728,NNEIEUS,198006,18.318,2,Natural Gas Electric Power Sector CO2 Emissions,Million Metric Tons of Carbon Dioxide
729,NNEIEUS,198007,22.862,2,Natural Gas Electric Power Sector CO2 Emissions,Million Metric Tons of Carbon Dioxide
730,NNEIEUS,198008,22.045,2,Natural Gas Electric Power Sector CO2 Emissions,Million Metric Tons of Carbon Dioxide
731,NNEIEUS,198009,19.433,2,Natural Gas Electric Power Sector CO2 Emissions,Million Metric Tons of Carbon Dioxide
732,NNEIEUS,198010,16.384,2,Natural Gas Electric Power Sector CO2 Emissions,Million Metric Tons of Carbon Dioxide
733,NNEIEUS,198011,13.898,2,Natural Gas Electric Power Sector CO2 Emissions,Million Metric Tons of Carbon Dioxide
734,NNEIEUS,198012,13.165,2,Natural Gas Electric Power Sector CO2 Emissions,Million Metric Tons of Carbon Dioxide
735,NNEIEUS,198013,200.249,2,Natural Gas Electric Power Sector CO2 Emissions,Million Metric Tons of Carbon Dioxide
736,NNEIEUS,198101,12.586,2,Natural Gas Electric Power Sector CO2 Emissions,Million Metric Tons of Carbon Dioxide
737,NNEIEUS,198102,12.169,2,Natural Gas Electric Power Sector CO2 Emissions,Million Metric Tons of Carbon Dioxide
738,NNEIEUS,198103,14.854,2,Natural Gas Electric Power Sector CO2 Emissions,Million Metric Tons of Carbon Dioxide
739,NNEIEUS,198104,15.694,2,Natural Gas Electric Power Sector CO2 Emissions,Million Metric Tons of Carbon Dioxide
740,NNEIEUS,198105,17.178,2,Natural Gas Electric Power Sector CO2 Emissions,Million Metric Tons of Carbon Dioxide
741,NNEIEUS,198106,20.678,2,Natural Gas Electric Power Sector CO2 Emissions,Million Metric Tons of Carbon Dioxide
742,NNEIEUS,198107,22.302,2,Natural Gas Electric Power Sector CO2 Emissions,Million Metric Tons of Carbon Dioxide
743,NNEIEUS,198108,21.155,2,Natural Gas Electric Power Sector CO2 Emissions,Million Metric Tons of Carbon Dioxide
744,NNEIEUS,198109,17.633,2,Natural Gas Electric Power Sector CO2 Emissions,Million Metric Tons of Carbon Dioxide
745,NNEIEUS,198110,16.382,2,Natural Gas Electric Power Sector CO2 Emissions,Million Metric Tons of Carbon Dioxide
746,NNEIEUS,198111,14.055,2,Natural Gas Electric Power Sector CO2 Emissions,Million Metric Tons of Carbon Dioxide
747,NNEIEUS,198112,13.005,2,Natural Gas Electric Power Sector CO2 Emissions,Million Metric Tons of Carbon Dioxide
748,NNEIEUS,198113,197.722,2,Natural Gas Electric Power Sector CO2 Emissions,Million Metric Tons of Carbon Dioxide
749,NNEIEUS,198201,12.939,2,Natural Gas Electric Power Sector CO2 Emissions,Million Metric Tons of Carbon Dioxide
750,NNEIEUS,198202,11.976,2,Natural Gas Electric Power Sector CO2 Emissions,Million Metric Tons of Carbon Dioxide
751,NNEIEUS,198203,13.417,2,Natural Gas Electric Power Sector CO2 Emissions,Million Metric Tons of Carbon Dioxide
752,NNEIEUS,198204,13.406,2,Natural Gas Electric Power Sector CO2 Emissions,Million Metric Tons of Carbon Dioxide
753,NNEIEUS,198205,14.032,2,Natural Gas Electric Power Sector CO2 Emissions,Million Metric Tons of Carbon Dioxide
754,NNEIEUS,198206,16.081,2,Natural Gas Electric Power Sector CO2 Emissions,Million Metric Tons of Carbon Dioxide
755,NNEIEUS,198207,19.202,2,Natural Gas Electric Power Sector CO2 Emissions,Million Metric Tons of Carbon Dioxide
756,NNEIEUS,198208,19.668,2,Natural Gas Electric Power Sector CO2 Emissions,Million Metric Tons of Carbon Dioxide
757,NNEIEUS,198209,15.959,2,Natural Gas Electric Power Sector CO2 Emissions,Million Metric Tons of Carbon Dioxide
758,NNEIEUS,198210,14.851,2,Natural Gas Electric Power Sector CO2 Emissions,Million Metric Tons of Carbon Dioxide
759,NNEIEUS,198211,12.322,2,Natural Gas Electric Power Sector CO2 Emissions,Million Metric Tons of Carbon Dioxide
760,NNEIEUS,198212,11.682,2,Natural Gas Electric Power Sector CO2 Emissions,Million Metric Tons of Carbon Dioxide
761,NNEIEUS,198213,175.54,2,Natural Gas Electric Power Sector CO2 Emissions,Million Metric Tons of Carbon Dioxide
762,NNEIEUS,198301,11.288,2,Natural Gas Electric Power Sector CO2 Emissions,Million Metric Tons of Carbon Dioxide
763,NNEIEUS,198302,9.594,2,Natural Gas Electric Power Sector CO2 Emissions,Million Metric Tons of Carbon Dioxide
764,NNEIEUS,198303,11.272,2,Natural Gas Electric Power Sector CO2 Emissions,Million Metric Tons of Carbon Dioxide
765,NNEIEUS,198304,11.001,2,Natural Gas Electric Power Sector CO2 Emissions,Million Metric Tons of Carbon Dioxide
766,NNEIEUS,198305,11.821,2,Natural Gas Electric Power Sector CO2 Emissions,Million Metric Tons of Carbon Dioxide
767,NNEIEUS,198306,13.41,2,Natural Gas Electric Power Sector CO2 Emissions,Million Metric Tons of Carbon Dioxide
768,NNEIEUS,198307,17.008,2,Natural Gas Electric Power Sector CO2 Emissions,Million Metric Tons of Carbon Dioxide
769,NNEIEUS,198308,19.03,2,Natural Gas Electric Power Sector CO2 Emissions,Million Metric Tons of Carbon Dioxide
770,NNEIEUS,198309,16.128,2,Natural Gas Electric Power Sector CO2 Emissions,Million Metric Tons of Carbon Dioxide
771,NNEIEUS,198310,13.577,2,Natural Gas Electric Power Sector CO2 Emissions,Million Metric Tons of Carbon Dioxide
772,NNEIEUS,198311,11.566,2,Natural Gas Electric Power Sector CO2 Emissions,Million Metric Tons of Carbon Dioxide
773,NNEIEUS,198312,11.789,2,Natural Gas Electric Power Sector CO2 Emissions,Million Metric Tons of Carbon Dioxide
774,NNEIEUS,198313,157.542,2,Natural Gas Electric Power Sector CO2 Emissions,Million Metric Tons of Carbon Dioxide
775,NNEIEUS,198401,11.726,2,Natural Gas Electric Power Sector CO2 Emissions,Million Metric Tons of Carbon Dioxide
776,NNEIEUS,198402,10.216,2,Natural Gas Electric Power Sector CO2 Emissions,Million Metric Tons of Carbon Dioxide
777,NNEIEUS,198403,11.244,2,Natural Gas Electric Power Sector CO2 Emissions,Million Metric Tons of Carbon Dioxide
778,NNEIEUS,198404,12.003,2,Natural Gas Electric Power Sector CO2 Emissions,Million Metric Tons of Carbon Dioxide
779,NNEIEUS,198405,14.427,2,Natural Gas Electric Power Sector CO2 Emissions,Million Metric Tons of Carbon Dioxide
780,NNEIEUS,198406,16.214,2,Natural Gas Electric Power Sector CO2 Emissions,Million Metric Tons of Carbon Dioxide
781,NNEIEUS,198407,19.006,2,Natural Gas Electric Power Sector CO2 Emissions,Million Metric Tons of Carbon Dioxide
782,NNEIEUS,198408,19.043,2,Natural Gas Electric Power Sector CO2 Emissions,Million Metric Tons of Carbon Dioxide
783,NNEIEUS,198409,15.809,2,Natural Gas Electric Power Sector CO2 Emissions,Million Metric Tons of Carbon Dioxide
784,NNEIEUS,198410,14.679,2,Natural Gas Electric Power Sector CO2 Emissions,Million Metric Tons of Carbon Dioxide
785,NNEIEUS,198411,13.303,2,Natural Gas Electric Power Sector CO2 Emissions,Million Metric Tons of Carbon Dioxide
786,NNEIEUS,198412,11.818,2,Natural Gas Electric Power Sector CO2 Emissions,Million Metric Tons of Carbon Dioxide
787,NNEIEUS,198413,169.532,2,Natural Gas Electric Power Sector CO2 Emissions,Million Metric Tons of Carbon Dioxide
788,NNEIEUS,198501,12.368,2,Natural Gas Electric Power Sector CO2 Emissions,Million Metric Tons of Carbon Dioxide
789,NNEIEUS,198502,11.095,2,Natural Gas Electric Power Sector CO2 Emissions,Million Metric Tons of Carbon Dioxide
790,NNEIEUS,198503,11.348,2,Natural Gas Electric Power Sector CO2 Emissions,Million Metric Tons of Carbon Dioxide
791,NNEIEUS,198504,12.759,2,Natural Gas Electric Power Sector CO2 Emissions,Million Metric Tons of Carbon Dioxide
792,NNEIEUS,198505,12.86,2,Natural Gas Electric Power Sector CO2 Emissions,Million Metric Tons of Carbon Dioxide
793,NNEIEUS,198506,15.354,2,Natural Gas Electric Power Sector CO2 Emissions,Million Metric Tons of Carbon Dioxide
794,NNEIEUS,198507,18.298,2,Natural Gas Electric Power Sector CO2 Emissions,Million Metric Tons of Carbon Dioxide
795,NNEIEUS,198508,19.283,2,Natural Gas Electric Power Sector CO2 Emissions,Million Metric Tons of Carbon Dioxide
796,NNEIEUS,198509,14.979,2,Natural Gas Electric Power Sector CO2 Emissions,Million Metric Tons of Carbon Dioxide
797,NNEIEUS,198510,13.574,2,Natural Gas Electric Power Sector CO2 Emissions,Million Metric Tons of Carbon Dioxide
798,NNEIEUS,198511,12.557,2,Natural Gas Electric Power Sector CO2 Emissions,Million Metric Tons of Carbon Dioxide
799,NNEIEUS,198512,11.493,2,Natural Gas Electric Power Sector CO2 Emissions,Million Metric Tons of Carbon Dioxide
800,NNEIEUS,198513,166.136,2,Natural Gas Electric Power Sector CO2 Emissions,Million Metric Tons of Carbon Dioxide
801,NNEIEUS,198601,10.027,2,Natural Gas Electric Power Sector CO2 Emissions,Million Metric Tons of Carbon Dioxide
802,NNEIEUS,198602,8.556,2,Natural Gas Electric Power Sector CO2 Emissions,Million Metric Tons of Carbon Dioxide
803,NNEIEUS,198603,9.238,2,Natural Gas Electric Power Sector CO2 Emissions,Million Metric Tons of Carbon Dioxide
804,NNEIEUS,198604,10.791,2,Natural Gas Electric Power Sector CO2 Emissions,Million Metric Tons of Carbon Dioxide
805,NNEIEUS,198605,12.568,2,Natural Gas Electric Power Sector CO2 Emissions,Million Metric Tons of Carbon Dioxide
806,NNEIEUS,198606,14.138,2,Natural Gas Electric Power Sector CO2 Emissions,Million Metric Tons of Carbon Dioxide
807,NNEIEUS,198607,16.349,2,Natural Gas Electric Power Sector CO2 Emissions,Million Metric Tons of Carbon Dioxide
808,NNEIEUS,198608,15.001,2,Natural Gas Electric Power Sector CO2 Emissions,Million Metric Tons of Carbon Dioxide
809,NNEIEUS,198609,13.392,2,Natural Gas Electric Power Sector CO2 Emissions,Million Metric Tons of Carbon Dioxide
810,NNEIEUS,198610,11.763,2,Natural Gas Electric Power Sector CO2 Emissions,Million Metric Tons of Carbon Dioxide
811,NNEIEUS,198611,10.138,2,Natural Gas Electric Power Sector CO2 Emissions,Million Metric Tons of Carbon Dioxide
812,NNEIEUS,198612,9.51,2,Natural Gas Electric Power Sector CO2 Emissions,Million Metric Tons of Carbon Dioxide
813,NNEIEUS,198613,141.531,2,Natural Gas Electric Power Sector CO2 Emissions,Million Metric Tons of Carbon Dioxide
814,NNEIEUS,198701,10.05,2,Natural Gas Electric Power Sector CO2 Emissions,Million Metric Tons of Carbon Dioxide
815,NNEIEUS,198702,8.619,2,Natural Gas Electric Power Sector CO2 Emissions,Million Metric Tons of Carbon Dioxide
816,NNEIEUS,198703,10.386,2,Natural Gas Electric Power Sector CO2 Emissions,Million Metric Tons of Carbon Dioxide
817,NNEIEUS,198704,11.226,2,Natural Gas Electric Power Sector CO2 Emissions,Million Metric Tons of Carbon Dioxide
818,NNEIEUS,198705,13.187,2,Natural Gas Electric Power Sector CO2 Emissions,Million Metric Tons of Carbon Dioxide
819,NNEIEUS,198706,15.404,2,Natural Gas Electric Power Sector CO2 Emissions,Million Metric Tons of Carbon Dioxide
820,NNEIEUS,198707,17.324,2,Natural Gas Electric Power Sector CO2 Emissions,Million Metric Tons of Carbon Dioxide
821,NNEIEUS,198708,18.382,2,Natural Gas Electric Power Sector CO2 Emissions,Million Metric Tons of Carbon Dioxide
822,NNEIEUS,198709,14.557,2,Natural Gas Electric Power Sector CO2 Emissions,Million Metric Tons of Carbon Dioxide
823,NNEIEUS,198710,12.937,2,Natural Gas Electric Power Sector CO2 Emissions,Million Metric Tons of Carbon Dioxide
824,NNEIEUS,198711,11.778,2,Natural Gas Electric Power Sector CO2 Emissions,Million Metric Tons of Carbon Dioxide
825,NNEIEUS,198712,10.653,2,Natural Gas Electric Power Sector CO2 Emissions,Million Metric Tons of Carbon Dioxide
826,NNEIEUS,198713,154.55,2,Natural Gas Electric Power Sector CO2 Emissions,Million Metric Tons of Carbon Dioxide
827,NNEIEUS,198801,9.079,2,Natural Gas Electric Power Sector CO2 Emissions,Million Metric Tons of Carbon Dioxide
828,NNEIEUS,198802,9.193,2,Natural Gas Electric Power Sector CO2 Emissions,Million Metric Tons of Carbon Dioxide
829,NNEIEUS,198803,11.054,2,Natural Gas Electric Power Sector CO2 Emissions,Million Metric Tons of Carbon Dioxide
830,NNEIEUS,198804,10.8,2,Natural Gas Electric Power Sector CO2 Emissions,Million Metric Tons of Carbon Dioxide
831,NNEIEUS,198805,12.992,2,Natural Gas Electric Power Sector CO2 Emissions,Million Metric Tons of Carbon Dioxide
832,NNEIEUS,198806,15.182,2,Natural Gas Electric Power Sector CO2 Emissions,Million Metric Tons of Carbon Dioxide
833,NNEIEUS,198807,17.758,2,Natural Gas Electric Power Sector CO2 Emissions,Million Metric Tons of Carbon Dioxide
834,NNEIEUS,198808,18.636,2,Natural Gas Electric Power Sector CO2 Emissions,Million Metric Tons of Carbon Dioxide
835,NNEIEUS,198809,12.6,2,Natural Gas Electric Power Sector CO2 Emissions,Million Metric Tons of Carbon Dioxide
836,NNEIEUS,198810,9.827,2,Natural Gas Electric Power Sector CO2 Emissions,Million Metric Tons of Carbon Dioxide
837,NNEIEUS,198811,8.141,2,Natural Gas Electric Power Sector CO2 Emissions,Million Metric Tons of Carbon Dioxide
838,NNEIEUS,198812,7.441,2,Natural Gas Electric Power Sector CO2 Emissions,Million Metric Tons of Carbon Dioxide
839,NNEIEUS,198813,142.715,2,Natural Gas Electric Power Sector CO2 Emissions,Million Metric Tons of Carbon Dioxide
840,NNEIEUS,198901,8.881,2,Natural Gas Electric Power Sector CO2 Emissions,Million Metric Tons of Carbon Dioxide
841,NNEIEUS,198902,10.409,2,Natural Gas Electric Power Sector CO2 Emissions,Million Metric Tons of Carbon Dioxide
842,NNEIEUS,198903,12.745,2,Natural Gas Electric Power Sector CO2 Emissions,Million Metric Tons of Carbon Dioxide
843,NNEIEUS,198904,14.172,2,Natural Gas Electric Power Sector CO2 Emissions,Million Metric Tons of Carbon Dioxide
844,NNEIEUS,198905,15.112,2,Natural Gas Electric Power Sector CO2 Emissions,Million Metric Tons of Carbon Dioxide
845,NNEIEUS,198906,15.68,2,Natural Gas Electric Power Sector CO2 Emissions,Million Metric Tons of Carbon Dioxide
846,NNEIEUS,198907,19.27,2,Natural Gas Electric Power Sector CO2 Emissions,Million Metric Tons of Carbon Dioxide
847,NNEIEUS,198908,18.66,2,Natural Gas Electric Power Sector CO2 Emissions,Million Metric Tons of Carbon Dioxide
848,NNEIEUS,198909,16.137,2,Natural Gas Electric Power Sector CO2 Emissions,Million Metric Tons of Carbon Dioxide
849,NNEIEUS,198910,15.312,2,Natural Gas Electric Power Sector CO2 Emissions,Million Metric Tons of Carbon Dioxide
850,NNEIEUS,198911,11.398,2,Natural Gas Electric Power Sector CO2 Emissions,Million Metric Tons of Carbon Dioxide
851,NNEIEUS,198912,10.339,2,Natural Gas Electric Power Sector CO2 Emissions,Million Metric Tons of Carbon Dioxide
852,NNEIEUS,198913,168.153,2,Natural Gas Electric Power Sector CO2 Emissions,Million Metric Tons of Carbon Dioxide
853,NNEIEUS,199001,9.173,2,Natural Gas Electric Power Sector CO2 Emissions,Million Metric Tons of Carbon Dioxide
854,NNEIEUS,199002,8.287,2,Natural Gas Electric Power Sector CO2 Emissions,Million Metric Tons of Carbon Dioxide
855,NNEIEUS,199003,11.578,2,Natural Gas Electric Power Sector CO2 Emissions,Million Metric Tons of Carbon Dioxide
856,NNEIEUS,199004,12.518,2,Natural Gas Electric Power Sector CO2 Emissions,Million Metric Tons of Carbon Dioxide
857,NNEIEUS,199005,15.335,2,Natural Gas Electric Power Sector CO2 Emissions,Million Metric Tons of Carbon Dioxide
858,NNEIEUS,199006,18.679,2,Natural Gas Electric Power Sector CO2 Emissions,Million Metric Tons of Carbon Dioxide
859,NNEIEUS,199007,20.486,2,Natural Gas Electric Power Sector CO2 Emissions,Million Metric Tons of Carbon Dioxide
860,NNEIEUS,199008,21.567,2,Natural Gas Electric Power Sector CO2 Emissions,Million Metric Tons of Carbon Dioxide
861,NNEIEUS,199009,18.917,2,Natural Gas Electric Power Sector CO2 Emissions,Million Metric Tons of Carbon Dioxide
862,NNEIEUS,199010,16.148,2,Natural Gas Electric Power Sector CO2 Emissions,Million Metric Tons of Carbon Dioxide
863,NNEIEUS,199011,11.62,2,Natural Gas Electric Power Sector CO2 Emissions,Million Metric Tons of Carbon Dioxide
864,NNEIEUS,199012,11.006,2,Natural Gas Electric Power Sector CO2 Emissions,Million Metric Tons of Carbon Dioxide
865,NNEIEUS,199013,175.36,2,Natural Gas Electric Power Sector CO2 Emissions,Million Metric Tons of Carbon Dioxide
866,NNEIEUS,199101,11.121,2,Natural Gas Electric Power Sector CO2 Emissions,Million Metric Tons of Carbon Dioxide
867,NNEIEUS,199102,9.394,2,Natural Gas Electric Power Sector CO2 Emissions,Million Metric Tons of Carbon Dioxide
868,NNEIEUS,199103,12.378,2,Natural Gas Electric Power Sector CO2 Emissions,Million Metric Tons of Carbon Dioxide
869,NNEIEUS,199104,13.835,2,Natural Gas Electric Power Sector CO2 Emissions,Million Metric Tons of Carbon Dioxide
870,NNEIEUS,199105,15.994,2,Natural Gas Electric Power Sector CO2 Emissions,Million Metric Tons of Carbon Dioxide
871,NNEIEUS,199106,16.687,2,Natural Gas Electric Power Sector CO2 Emissions,Million Metric Tons of Carbon Dioxide
872,NNEIEUS,199107,21.147,2,Natural Gas Electric Power Sector CO2 Emissions,Million Metric Tons of Carbon Dioxide
873,NNEIEUS,199108,21.001,2,Natural Gas Electric Power Sector CO2 Emissions,Million Metric Tons of Carbon Dioxide
874,NNEIEUS,199109,16.858,2,Natural Gas Electric Power Sector CO2 Emissions,Million Metric Tons of Carbon Dioxide
875,NNEIEUS,199110,16.886,2,Natural Gas Electric Power Sector CO2 Emissions,Million Metric Tons of Carbon Dioxide
876,NNEIEUS,199111,12.703,2,Natural Gas Electric Power Sector CO2 Emissions,Million Metric Tons of Carbon Dioxide
877,NNEIEUS,199112,10.911,2,Natural Gas Electric Power Sector CO2 Emissions,Million Metric Tons of Carbon Dioxide
878,NNEIEUS,199113,178.966,2,Natural Gas Electric Power Sector CO2 Emissions,Million Metric Tons of Carbon Dioxide
879,NNEIEUS,199201,11.386,2,Natural Gas Electric Power Sector CO2 Emissions,Million Metric Tons of Carbon Dioxide
880,NNEIEUS,199202,11.467,2,Natural Gas Electric Power Sector CO2 Emissions,Million Metric Tons of Carbon Dioxide
881,NNEIEUS,199203,13.976,2,Natural Gas Electric Power Sector CO2 Emissions,Million Metric Tons of Carbon Dioxide
882,NNEIEUS,199204,15.415,2,Natural Gas Electric Power Sector CO2 Emissions,Million Metric Tons of Carbon Dioxide
883,NNEIEUS,199205,15.896,2,Natural Gas Electric Power Sector CO2 Emissions,Million Metric Tons of Carbon Dioxide
884,NNEIEUS,199206,17.886,2,Natural Gas Electric Power Sector CO2 Emissions,Million Metric Tons of Carbon Dioxide
885,NNEIEUS,199207,22.441,2,Natural Gas Electric Power Sector CO2 Emissions,Million Metric Tons of Carbon Dioxide
886,NNEIEUS,199208,20.342,2,Natural Gas Electric Power Sector CO2 Emissions,Million Metric Tons of Carbon Dioxide
887,NNEIEUS,199209,18.399,2,Natural Gas Electric Power Sector CO2 Emissions,Million Metric Tons of Carbon Dioxide
888,NNEIEUS,199210,14.291,2,Natural Gas Electric Power Sector CO2 Emissions,Million Metric Tons of Carbon Dioxide
889,NNEIEUS,199211,12.729,2,Natural Gas Electric Power Sector CO2 Emissions,Million Metric Tons of Carbon Dioxide
890,NNEIEUS,199212,11.818,2,Natural Gas Electric Power Sector CO2 Emissions,Million Metric Tons of Carbon Dioxide
891,NNEIEUS,199213,186.075,2,Natural Gas Electric Power Sector CO2 Emissions,Million Metric Tons of Carbon Dioxide
892,NNEIEUS,199301,11.499,2,Natural Gas Electric Power Sector CO2 Emissions,Million Metric Tons of Carbon Dioxide
893,NNEIEUS,199302,11.332,2,Natural Gas Electric Power Sector CO2 Emissions,Million Metric Tons of Carbon Dioxide
894,NNEIEUS,199303,13.56,2,Natural Gas Electric Power Sector CO2 Emissions,Million Metric Tons of Carbon Dioxide
895,NNEIEUS,199304,12.158,2,Natural Gas Electric Power Sector CO2 Emissions,Million Metric Tons of Carbon Dioxide
896,NNEIEUS,199305,11.667,2,Natural Gas Electric Power Sector CO2 Emissions,Million Metric Tons of Carbon Dioxide
897,NNEIEUS,199306,17.803,2,Natural Gas Electric Power Sector CO2 Emissions,Million Metric Tons of Carbon Dioxide
898,NNEIEUS,199307,23.357,2,Natural Gas Electric Power Sector CO2 Emissions,Million Metric Tons of Carbon Dioxide
899,NNEIEUS,199308,24.966,2,Natural Gas Electric Power Sector CO2 Emissions,Million Metric Tons of Carbon Dioxide
900,NNEIEUS,199309,18.057,2,Natural Gas Electric Power Sector CO2 Emissions,Million Metric Tons of Carbon Dioxide
901,NNEIEUS,199310,16.389,2,Natural Gas Electric Power Sector CO2 Emissions,Million Metric Tons of Carbon Dioxide
902,NNEIEUS,199311,14.563,2,Natural Gas Electric Power Sector CO2 Emissions,Million Metric Tons of Carbon Dioxide
903,NNEIEUS,199312,12.203,2,Natural Gas Electric Power Sector CO2 Emissions,Million Metric Tons of Carbon Dioxide
904,NNEIEUS,199313,187.582,2,Natural Gas Electric Power Sector CO2 Emissions,Million Metric Tons of Carbon Dioxide
905,NNEIEUS,199401,12.003,2,Natural Gas Electric Power Sector CO2 Emissions,Million Metric Tons of Carbon Dioxide
906,NNEIEUS,199402,10.538,2,Natural Gas Electric Power Sector CO2 Emissions,Million Metric Tons of Carbon Dioxide
907,NNEIEUS,199403,13.133,2,Natural Gas Electric Power Sector CO2 Emissions,Million Metric Tons of Carbon Dioxide
908,NNEIEUS,199404,14.396,2,Natural Gas Electric Power Sector CO2 Emissions,Million Metric Tons of Carbon Dioxide
909,NNEIEUS,199405,15.238,2,Natural Gas Electric Power Sector CO2 Emissions,Million Metric Tons of Carbon Dioxide
910,NNEIEUS,199406,22.48,2,Natural Gas Electric Power Sector CO2 Emissions,Million Metric Tons of Carbon Dioxide
911,NNEIEUS,199407,25.57,2,Natural Gas Electric Power Sector CO2 Emissions,Million Metric Tons of Carbon Dioxide
912,NNEIEUS,199408,26.973,2,Natural Gas Electric Power Sector CO2 Emissions,Million Metric Tons of Carbon Dioxide
913,NNEIEUS,199409,20.88,2,Natural Gas Electric Power Sector CO2 Emissions,Million Metric Tons of Carbon Dioxide
914,NNEIEUS,199410,18.621,2,Natural Gas Electric Power Sector CO2 Emissions,Million Metric Tons of Carbon Dioxide
915,NNEIEUS,199411,16.317,2,Natural Gas Electric Power Sector CO2 Emissions,Million Metric Tons of Carbon Dioxide
916,NNEIEUS,199412,14.671,2,Natural Gas Electric Power Sector CO2 Emissions,Million Metric Tons of Carbon Dioxide
917,NNEIEUS,199413,210.855,2,Natural Gas Electric Power Sector CO2 Emissions,Million Metric Tons of Carbon Dioxide
918,NNEIEUS,199501,14.184,2,Natural Gas Electric Power Sector CO2 Emissions,Million Metric Tons of Carbon Dioxide
919,NNEIEUS,199502,12.017,2,Natural Gas Electric Power Sector CO2 Emissions,Million Metric Tons of Carbon Dioxide
920,NNEIEUS,199503,17.501,2,Natural Gas Electric Power Sector CO2 Emissions,Million Metric Tons of Carbon Dioxide
921,NNEIEUS,199504,16.354,2,Natural Gas Electric Power Sector CO2 Emissions,Million Metric Tons of Carbon Dioxide
922,NNEIEUS,199505,18.391,2,Natural Gas Electric Power Sector CO2 Emissions,Million Metric Tons of Carbon Dioxide
923,NNEIEUS,199506,21.191,2,Natural Gas Electric Power Sector CO2 Emissions,Million Metric Tons of Carbon Dioxide
924,NNEIEUS,199507,29.025,2,Natural Gas Electric Power Sector CO2 Emissions,Million Metric Tons of Carbon Dioxide
925,NNEIEUS,199508,33.412,2,Natural Gas Electric Power Sector CO2 Emissions,Million Metric Tons of Carbon Dioxide
926,NNEIEUS,199509,22.559,2,Natural Gas Electric Power Sector CO2 Emissions,Million Metric Tons of Carbon Dioxide
927,NNEIEUS,199510,17.095,2,Natural Gas Electric Power Sector CO2 Emissions,Million Metric Tons of Carbon Dioxide
928,NNEIEUS,199511,14.121,2,Natural Gas Electric Power Sector CO2 Emissions,Million Metric Tons of Carbon Dioxide
929,NNEIEUS,199512,12.309,2,Natural Gas Electric Power Sector CO2 Emissions,Million Metric Tons of Carbon Dioxide
930,NNEIEUS,199513,228.173,2,Natural Gas Electric Power Sector CO2 Emissions,Million Metric Tons of Carbon Dioxide
931,NNEIEUS,199601,12.63,2,Natural Gas Electric Power Sector CO2 Emissions,Million Metric Tons of Carbon Dioxide
932,NNEIEUS,199602,10.242,2,Natural Gas Electric Power Sector CO2 Emissions,Million Metric Tons of Carbon Dioxide
933,NNEIEUS,199603,11.704,2,Natural Gas Electric Power Sector CO2 Emissions,Million Metric Tons of Carbon Dioxide
934,NNEIEUS,199604,12.71,2,Natural Gas Electric Power Sector CO2 Emissions,Million Metric Tons of Carbon Dioxide
935,NNEIEUS,199605,19.829,2,Natural Gas Electric Power Sector CO2 Emissions,Million Metric Tons of Carbon Dioxide
936,NNEIEUS,199606,22.443,2,Natural Gas Electric Power Sector CO2 Emissions,Million Metric Tons of Carbon Dioxide
937,NNEIEUS,199607,26.799,2,Natural Gas Electric Power Sector CO2 Emissions,Million Metric Tons of Carbon Dioxide
938,NNEIEUS,199608,27.517,2,Natural Gas Electric Power Sector CO2 Emissions,Million Metric Tons of Carbon Dioxide
939,NNEIEUS,199609,21.343,2,Natural Gas Electric Power Sector CO2 Emissions,Million Metric Tons of Carbon Dioxide
940,NNEIEUS,199610,16.962,2,Natural Gas Electric Power Sector CO2 Emissions,Million Metric Tons of Carbon Dioxide
941,NNEIEUS,199611,12.73,2,Natural Gas Electric Power Sector CO2 Emissions,Million Metric Tons of Carbon Dioxide
942,NNEIEUS,199612,9.929,2,Natural Gas Electric Power Sector CO2 Emissions,Million Metric Tons of Carbon Dioxide
943,NNEIEUS,199613,204.861,2,Natural Gas Electric Power Sector CO2 Emissions,Million Metric Tons of Carbon Dioxide
944,NNEIEUS,199701,10.253,2,Natural Gas Electric Power Sector CO2 Emissions,Million Metric Tons of Carbon Dioxide
945,NNEIEUS,199702,10.56,2,Natural Gas Electric Power Sector CO2 Emissions,Million Metric Tons of Carbon Dioxide
946,NNEIEUS,199703,13.98,2,Natural Gas Electric Power Sector CO2 Emissions,Million Metric Tons of Carbon Dioxide
947,NNEIEUS,199704,14.256,2,Natural Gas Electric Power Sector CO2 Emissions,Million Metric Tons of Carbon Dioxide
948,NNEIEUS,199705,17.049,2,Natural Gas Electric Power Sector CO2 Emissions,Million Metric Tons of Carbon Dioxide
949,NNEIEUS,199706,21.934,2,Natural Gas Electric Power Sector CO2 Emissions,Million Metric Tons of Carbon Dioxide
950,NNEIEUS,199707,31.645,2,Natural Gas Electric Power Sector CO2 Emissions,Million Metric Tons of Carbon Dioxide
951,NNEIEUS,199708,28.814,2,Natural Gas Electric Power Sector CO2 Emissions,Million Metric Tons of Carbon Dioxide
952,NNEIEUS,199709,24.536,2,Natural Gas Electric Power Sector CO2 Emissions,Million Metric Tons of Carbon Dioxide
953,NNEIEUS,199710,18.006,2,Natural Gas Electric Power Sector CO2 Emissions,Million Metric Tons of Carbon Dioxide
954,NNEIEUS,199711,13.241,2,Natural Gas Electric Power Sector CO2 Emissions,Million Metric Tons of Carbon Dioxide
955,NNEIEUS,199712,14.523,2,Natural Gas Electric Power Sector CO2 Emissions,Million Metric Tons of Carbon Dioxide
956,NNEIEUS,199713,218.813,2,Natural Gas Electric Power Sector CO2 Emissions,Million Metric Tons of Carbon Dioxide
957,NNEIEUS,199801,13.019,2,Natural Gas Electric Power Sector CO2 Emissions,Million Metric Tons of Carbon Dioxide
958,NNEIEUS,199802,10.177,2,Natural Gas Electric Power Sector CO2 Emissions,Million Metric Tons of Carbon Dioxide
959,NNEIEUS,199803,14.774,2,Natural Gas Electric Power Sector CO2 Emissions,Million Metric Tons of Carbon Dioxide
960,NNEIEUS,199804,14.458,2,Natural Gas Electric Power Sector CO2 Emissions,Million Metric Tons of Carbon Dioxide
961,NNEIEUS,199805,22.069,2,Natural Gas Electric Power Sector CO2 Emissions,Million Metric Tons of Carbon Dioxide
962,NNEIEUS,199806,28.801,2,Natural Gas Electric Power Sector CO2 Emissions,Million Metric Tons of Carbon Dioxide
963,NNEIEUS,199807,34.154,2,Natural Gas Electric Power Sector CO2 Emissions,Million Metric Tons of Carbon Dioxide
964,NNEIEUS,199808,34.736,2,Natural Gas Electric Power Sector CO2 Emissions,Million Metric Tons of Carbon Dioxide
965,NNEIEUS,199809,28.958,2,Natural Gas Electric Power Sector CO2 Emissions,Million Metric Tons of Carbon Dioxide
966,NNEIEUS,199810,18.689,2,Natural Gas Electric Power Sector CO2 Emissions,Million Metric Tons of Carbon Dioxide
967,NNEIEUS,199811,13.483,2,Natural Gas Electric Power Sector CO2 Emissions,Million Metric Tons of Carbon Dioxide
968,NNEIEUS,199812,14.331,2,Natural Gas Electric Power Sector CO2 Emissions,Million Metric Tons of Carbon Dioxide
969,NNEIEUS,199813,247.666,2,Natural Gas Electric Power Sector CO2 Emissions,Million Metric Tons of Carbon Dioxide
970,NNEIEUS,199901,14.836,2,Natural Gas Electric Power Sector CO2 Emissions,Million Metric Tons of Carbon Dioxide
971,NNEIEUS,199902,12.619,2,Natural Gas Electric Power Sector CO2 Emissions,Million Metric Tons of Carbon Dioxide
972,NNEIEUS,199903,17.164,2,Natural Gas Electric Power Sector CO2 Emissions,Million Metric Tons of Carbon Dioxide
973,NNEIEUS,199904,21.261,2,Natural Gas Electric Power Sector CO2 Emissions,Million Metric Tons of Carbon Dioxide
974,NNEIEUS,199905,22.667,2,Natural Gas Electric Power Sector CO2 Emissions,Million Metric Tons of Carbon Dioxide
975,NNEIEUS,199906,26.949,2,Natural Gas Electric Power Sector CO2 Emissions,Million Metric Tons of Carbon Dioxide
976,NNEIEUS,199907,36.327,2,Natural Gas Electric Power Sector CO2 Emissions,Million Metric Tons of Carbon Dioxide
977,NNEIEUS,199908,36.119,2,Natural Gas Electric Power Sector CO2 Emissions,Million Metric Tons of Carbon Dioxide
978,NNEIEUS,199909,23.349,2,Natural Gas Electric Power Sector CO2 Emissions,Million Metric Tons of Carbon Dioxide
979,NNEIEUS,199910,19.906,2,Natural Gas Electric Power Sector CO2 Emissions,Million Metric Tons of Carbon Dioxide
980,NNEIEUS,199911,14.21,2,Natural Gas Electric Power Sector CO2 Emissions,Million Metric Tons of Carbon Dioxide
981,NNEIEUS,199912,14.506,2,Natural Gas Electric Power Sector CO2 Emissions,Million Metric Tons of Carbon Dioxide
982,NNEIEUS,199913,259.945,2,Natural Gas Electric Power Sector CO2 Emissions,Million Metric Tons of Carbon Dioxide
983,NNEIEUS,200001,17.569,2,Natural Gas Electric Power Sector CO2 Emissions,Million Metric Tons of Carbon Dioxide
984,NNEIEUS,200002,15.403,2,Natural Gas Electric Power Sector CO2 Emissions,Million Metric Tons of Carbon Dioxide
985,NNEIEUS,200003,19.156,2,Natural Gas Electric Power Sector CO2 Emissions,Million Metric Tons of Carbon Dioxide
986,NNEIEUS,200004,19.807,2,Natural Gas Electric Power Sector CO2 Emissions,Million Metric Tons of Carbon Dioxide
987,NNEIEUS,200005,28.499,2,Natural Gas Electric Power Sector CO2 Emissions,Million Metric Tons of Carbon Dioxide
988,NNEIEUS,200006,28.357,2,Natural Gas Electric Power Sector CO2 Emissions,Million Metric Tons of Carbon Dioxide
989,NNEIEUS,200007,34.419,2,Natural Gas Electric Power Sector CO2 Emissions,Million Metric Tons of Carbon Dioxide
990,NNEIEUS,200008,37.855,2,Natural Gas Electric Power Sector CO2 Emissions,Million Metric Tons of Carbon Dioxide
991,NNEIEUS,200009,26.157,2,Natural Gas Electric Power Sector CO2 Emissions,Million Metric Tons of Carbon Dioxide
992,NNEIEUS,200010,19.685,2,Natural Gas Electric Power Sector CO2 Emissions,Million Metric Tons of Carbon Dioxide
993,NNEIEUS,200011,16.634,2,Natural Gas Electric Power Sector CO2 Emissions,Million Metric Tons of Carbon Dioxide
994,NNEIEUS,200012,17.248,2,Natural Gas Electric Power Sector CO2 Emissions,Million Metric Tons of Carbon Dioxide
995,NNEIEUS,200013,280.821,2,Natural Gas Electric Power Sector CO2 Emissions,Million Metric Tons of Carbon Dioxide
996,NNEIEUS,200101,18.445,2,Natural Gas Electric Power Sector CO2 Emissions,Million Metric Tons of Carbon Dioxide
997,NNEIEUS,200102,16.959,2,Natural Gas Electric Power Sector CO2 Emissions,Million Metric Tons of Carbon Dioxide
998,NNEIEUS,200103,19.66,2,Natural Gas Electric Power Sector CO2 Emissions,Million Metric Tons of Carbon Dioxide
999,NNEIEUS,200104,20.833,2,Natural Gas Electric Power Sector CO2 Emissions,Million Metric Tons of Carbon Dioxide
1000,NNEIEUS,200105,23.497,2,Natural Gas Electric Power Sector CO2 Emissions,Million Metric Tons of Carbon Dioxide
1001,NNEIEUS,200106,26.691,2,Natural Gas Electric Power Sector CO2 Emissions,Million Metric Tons of Carbon Dioxide
1002,NNEIEUS,200107,34.331,2,Natural Gas Electric Power Sector CO2 Emissions,Million Metric Tons of Carbon Dioxide
1003,NNEIEUS,200108,37.196,2,Natural Gas Electric Power Sector CO2 Emissions,Million Metric Tons of Carbon Dioxide
1004,NNEIEUS,200109,27.617,2,Natural Gas Electric Power Sector CO2 Emissions,Million Metric Tons of Carbon Dioxide
1005,NNEIEUS,200110,25.231,2,Natural Gas Electric Power Sector CO2 Emissions,Million Metric Tons of Carbon Dioxide
1006,NNEIEUS,200111,18.973,2,Natural Gas Electric Power Sector CO2 Emissions,Million Metric Tons of Carbon Dioxide
1007,NNEIEUS,200112,19.878,2,Natural Gas Electric Power Sector CO2 Emissions,Million Metric Tons of Carbon Dioxide
1008,NNEIEUS,200113,289.359,2,Natural Gas Electric Power Sector CO2 Emissions,Million Metric Tons of Carbon Dioxide
1009,NNEIEUS,200201,20.591,2,Natural Gas Electric Power Sector CO2 Emissions,Million Metric Tons of Carbon Dioxide
1010,NNEIEUS,200202,18.583,2,Natural Gas Electric Power Sector CO2 Emissions,Million Metric Tons of Carbon Dioxide
1011,NNEIEUS,200203,21.934,2,Natural Gas Electric Power Sector CO2 Emissions,Million Metric Tons of Carbon Dioxide
1012,NNEIEUS,200204,21.827,2,Natural Gas Electric Power Sector CO2 Emissions,Million Metric Tons of Carbon Dioxide
1013,NNEIEUS,200205,22.125,2,Natural Gas Electric Power Sector CO2 Emissions,Million Metric Tons of Carbon Dioxide
1014,NNEIEUS,200206,29.726,2,Natural Gas Electric Power Sector CO2 Emissions,Million Metric Tons of Carbon Dioxide
1015,NNEIEUS,200207,39.57,2,Natural Gas Electric Power Sector CO2 Emissions,Million Metric Tons of Carbon Dioxide
1016,NNEIEUS,200208,38.699,2,Natural Gas Electric Power Sector CO2 Emissions,Million Metric Tons of Carbon Dioxide
1017,NNEIEUS,200209,30.671,2,Natural Gas Electric Power Sector CO2 Emissions,Million Metric Tons of Carbon Dioxide
1018,NNEIEUS,200210,23.846,2,Natural Gas Electric Power Sector CO2 Emissions,Million Metric Tons of Carbon Dioxide
1019,NNEIEUS,200211,18.963,2,Natural Gas Electric Power Sector CO2 Emissions,Million Metric Tons of Carbon Dioxide
1020,NNEIEUS,200212,19.434,2,Natural Gas Electric Power Sector CO2 Emissions,Million Metric Tons of Carbon Dioxide
1021,NNEIEUS,200213,306.009,2,Natural Gas Electric Power Sector CO2 Emissions,Million Metric Tons of Carbon Dioxide
1022,NNEIEUS,200301,20.732,2,Natural Gas Electric Power Sector CO2 Emissions,Million Metric Tons of Carbon Dioxide
1023,NNEIEUS,200302,18.143,2,Natural Gas Electric Power Sector CO2 Emissions,Million Metric Tons of Carbon Dioxide
1024,NNEIEUS,200303,19.577,2,Natural Gas Electric Power Sector CO2 Emissions,Million Metric Tons of Carbon Dioxide
1025,NNEIEUS,200304,19.082,2,Natural Gas Electric Power Sector CO2 Emissions,Million Metric Tons of Carbon Dioxide
1026,NNEIEUS,200305,21.321,2,Natural Gas Electric Power Sector CO2 Emissions,Million Metric Tons of Carbon Dioxide
1027,NNEIEUS,200306,23.579,2,Natural Gas Electric Power Sector CO2 Emissions,Million Metric Tons of Carbon Dioxide
1028,NNEIEUS,200307,34.113,2,Natural Gas Electric Power Sector CO2 Emissions,Million Metric Tons of Carbon Dioxide
1029,NNEIEUS,200308,36.991,2,Natural Gas Electric Power Sector CO2 Emissions,Million Metric Tons of Carbon Dioxide
1030,NNEIEUS,200309,25.362,2,Natural Gas Electric Power Sector CO2 Emissions,Million Metric Tons of Carbon Dioxide
1031,NNEIEUS,200310,22.132,2,Natural Gas Electric Power Sector CO2 Emissions,Million Metric Tons of Carbon Dioxide
1032,NNEIEUS,200311,18.843,2,Natural Gas Electric Power Sector CO2 Emissions,Million Metric Tons of Carbon Dioxide
1033,NNEIEUS,200312,18.19,2,Natural Gas Electric Power Sector CO2 Emissions,Million Metric Tons of Carbon Dioxide
1034,NNEIEUS,200313,278.127,2,Natural Gas Electric Power Sector CO2 Emissions,Million Metric Tons of Carbon Dioxide
1035,NNEIEUS,200401,19.636,2,Natural Gas Electric Power Sector CO2 Emissions,Million Metric Tons of Carbon Dioxide
1036,NNEIEUS,200402,20.291,2,Natural Gas Electric Power Sector CO2 Emissions,Million Metric Tons of Carbon Dioxide
1037,NNEIEUS,200403,20.377,2,Natural Gas Electric Power Sector CO2 Emissions,Million Metric Tons of Carbon Dioxide
1038,NNEIEUS,200404,21.138,2,Natural Gas Electric Power Sector CO2 Emissions,Million Metric Tons of Carbon Dioxide
1039,NNEIEUS,200405,26.315,2,Natural Gas Electric Power Sector CO2 Emissions,Million Metric Tons of Carbon Dioxide
1040,NNEIEUS,200406,27.65,2,Natural Gas Electric Power Sector CO2 Emissions,Million Metric Tons of Carbon Dioxide
1041,NNEIEUS,200407,34.062,2,Natural Gas Electric Power Sector CO2 Emissions,Million Metric Tons of Carbon Dioxide
1042,NNEIEUS,200408,33.253,2,Natural Gas Electric Power Sector CO2 Emissions,Million Metric Tons of Carbon Dioxide
1043,NNEIEUS,200409,28.728,2,Natural Gas Electric Power Sector CO2 Emissions,Million Metric Tons of Carbon Dioxide
1044,NNEIEUS,200410,23.862,2,Natural Gas Electric Power Sector CO2 Emissions,Million Metric Tons of Carbon Dioxide
1045,NNEIEUS,200411,20.418,2,Natural Gas Electric Power Sector CO2 Emissions,Million Metric Tons of Carbon Dioxide
1046,NNEIEUS,200412,21.013,2,Natural Gas Electric Power Sector CO2 Emissions,Million Metric Tons of Carbon Dioxide
1047,NNEIEUS,200413,296.75,2,Natural Gas Electric Power Sector CO2 Emissions,Million Metric Tons of Carbon Dioxide
1048,NNEIEUS,200501,20.931,2,Natural Gas Electric Power Sector CO2 Emissions,Million Metric Tons of Carbon Dioxide
1049,NNEIEUS,200502,17.97,2,Natural Gas Electric Power Sector CO2 Emissions,Million Metric Tons of Carbon Dioxide
1050,NNEIEUS,200503,20.991,2,Natural Gas Electric Power Sector CO2 Emissions,Million Metric Tons of Carbon Dioxide
1051,NNEIEUS,200504,21.206,2,Natural Gas Electric Power Sector CO2 Emissions,Million Metric Tons of Carbon Dioxide
1052,NNEIEUS,200505,22.983,2,Natural Gas Electric Power Sector CO2 Emissions,Million Metric Tons of Carbon Dioxide
1053,NNEIEUS,200506,32.257,2,Natural Gas Electric Power Sector CO2 Emissions,Million Metric Tons of Carbon Dioxide
1054,NNEIEUS,200507,42.2,2,Natural Gas Electric Power Sector CO2 Emissions,Million Metric Tons of Carbon Dioxide
1055,NNEIEUS,200508,42.971,2,Natural Gas Electric Power Sector CO2 Emissions,Million Metric Tons of Carbon Dioxide
1056,NNEIEUS,200509,31.343,2,Natural Gas Electric Power Sector CO2 Emissions,Million Metric Tons of Carbon Dioxide
1057,NNEIEUS,200510,23.581,2,Natural Gas Electric Power Sector CO2 Emissions,Million Metric Tons of Carbon Dioxide
1058,NNEIEUS,200511,20.272,2,Natural Gas Electric Power Sector CO2 Emissions,Million Metric Tons of Carbon Dioxide
1059,NNEIEUS,200512,22.078,2,Natural Gas Electric Power Sector CO2 Emissions,Million Metric Tons of Carbon Dioxide
1060,NNEIEUS,200513,318.858,2,Natural Gas Electric Power Sector CO2 Emissions,Million Metric Tons of Carbon Dioxide
1061,NNEIEUS,200601,17.302,2,Natural Gas Electric Power Sector CO2 Emissions,Million Metric Tons of Carbon Dioxide
1062,NNEIEUS,200602,18.81,2,Natural Gas Electric Power Sector CO2 Emissions,Million Metric Tons of Carbon Dioxide
1063,NNEIEUS,200603,22.112,2,Natural Gas Electric Power Sector CO2 Emissions,Million Metric Tons of Carbon Dioxide
1064,NNEIEUS,200604,23.144,2,Natural Gas Electric Power Sector CO2 Emissions,Million Metric Tons of Carbon Dioxide
1065,NNEIEUS,200605,27.411,2,Natural Gas Electric Power Sector CO2 Emissions,Million Metric Tons of Carbon Dioxide
1066,NNEIEUS,200606,34.177,2,Natural Gas Electric Power Sector CO2 Emissions,Million Metric Tons of Carbon Dioxide
1067,NNEIEUS,200607,46.904,2,Natural Gas Electric Power Sector CO2 Emissions,Million Metric Tons of Carbon Dioxide
1068,NNEIEUS,200608,45.632,2,Natural Gas Electric Power Sector CO2 Emissions,Million Metric Tons of Carbon Dioxide
1069,NNEIEUS,200609,29.76,2,Natural Gas Electric Power Sector CO2 Emissions,Million Metric Tons of Carbon Dioxide
1070,NNEIEUS,200610,28.639,2,Natural Gas Electric Power Sector CO2 Emissions,Million Metric Tons of Carbon Dioxide
1071,NNEIEUS,200611,21.539,2,Natural Gas Electric Power Sector CO2 Emissions,Million Metric Tons of Carbon Dioxide
1072,NNEIEUS,200612,22.51,2,Natural Gas Electric Power Sector CO2 Emissions,Million Metric Tons of Carbon Dioxide
1073,NNEIEUS,200613,337.975,2,Natural Gas Electric Power Sector CO2 Emissions,Million Metric Tons of Carbon Dioxide
1074,NNEIEUS,200701,24.34,2,Natural Gas Electric Power Sector CO2 Emissions,Million Metric Tons of Carbon Dioxide
1075,NNEIEUS,200702,23.118,2,Natural Gas Electric Power Sector CO2 Emissions,Million Metric Tons of Carbon Dioxide
1076,NNEIEUS,200703,22.587,2,Natural Gas Electric Power Sector CO2 Emissions,Million Metric Tons of Carbon Dioxide
1077,NNEIEUS,200704,24.603,2,Natural Gas Electric Power Sector CO2 Emissions,Million Metric Tons of Carbon Dioxide
1078,NNEIEUS,200705,27.539,2,Natural Gas Electric Power Sector CO2 Emissions,Million Metric Tons of Carbon Dioxide
1079,NNEIEUS,200706,34.099,2,Natural Gas Electric Power Sector CO2 Emissions,Million Metric Tons of Carbon Dioxide
1080,NNEIEUS,200707,41.277,2,Natural Gas Electric Power Sector CO2 Emissions,Million Metric Tons of Carbon Dioxide
1081,NNEIEUS,200708,52.629,2,Natural Gas Electric Power Sector CO2 Emissions,Million Metric Tons of Carbon Dioxide
1082,NNEIEUS,200709,37.073,2,Natural Gas Electric Power Sector CO2 Emissions,Million Metric Tons of Carbon Dioxide
1083,NNEIEUS,200710,32.781,2,Natural Gas Electric Power Sector CO2 Emissions,Million Metric Tons of Carbon Dioxide
1084,NNEIEUS,200711,24.322,2,Natural Gas Electric Power Sector CO2 Emissions,Million Metric Tons of Carbon Dioxide
1085,NNEIEUS,200712,27.041,2,Natural Gas Electric Power Sector CO2 Emissions,Million Metric Tons of Carbon Dioxide
1086,NNEIEUS,200713,371.465,2,Natural Gas Electric Power Sector CO2 Emissions,Million Metric Tons of Carbon Dioxide
1087,NNEIEUS,200801,28.885,2,Natural Gas Electric Power Sector CO2 Emissions,Million Metric Tons of Carbon Dioxide
1088,NNEIEUS,200802,23.851,2,Natural Gas Electric Power Sector CO2 Emissions,Million Metric Tons of Carbon Dioxide
1089,NNEIEUS,200803,25.031,2,Natural Gas Electric Power Sector CO2 Emissions,Million Metric Tons of Carbon Dioxide
1090,NNEIEUS,200804,25.497,2,Natural Gas Electric Power Sector CO2 Emissions,Million Metric Tons of Carbon Dioxide
1091,NNEIEUS,200805,25.799,2,Natural Gas Electric Power Sector CO2 Emissions,Million Metric Tons of Carbon Dioxide
1092,NNEIEUS,200806,36.112,2,Natural Gas Electric Power Sector CO2 Emissions,Million Metric Tons of Carbon Dioxide
1093,NNEIEUS,200807,42.442,2,Natural Gas Electric Power Sector CO2 Emissions,Million Metric Tons of Carbon Dioxide
1094,NNEIEUS,200808,41.406,2,Natural Gas Electric Power Sector CO2 Emissions,Million Metric Tons of Carbon Dioxide
1095,NNEIEUS,200809,32.704,2,Natural Gas Electric Power Sector CO2 Emissions,Million Metric Tons of Carbon Dioxide
1096,NNEIEUS,200810,29.592,2,Natural Gas Electric Power Sector CO2 Emissions,Million Metric Tons of Carbon Dioxide
1097,NNEIEUS,200811,24.846,2,Natural Gas Electric Power Sector CO2 Emissions,Million Metric Tons of Carbon Dioxide
1098,NNEIEUS,200812,25.882,2,Natural Gas Electric Power Sector CO2 Emissions,Million Metric Tons of Carbon Dioxide
1099,NNEIEUS,200813,362.116,2,Natural Gas Electric Power Sector CO2 Emissions,Million Metric Tons of Carbon Dioxide
1100,NNEIEUS,200901,26.446,2,Natural Gas Electric Power Sector CO2 Emissions,Million Metric Tons of Carbon Dioxide
1101,NNEIEUS,200902,24.6,2,Natural Gas Electric Power Sector CO2 Emissions,Million Metric Tons of Carbon Dioxide
1102,NNEIEUS,200903,27.094,2,Natural Gas Electric Power Sector CO2 Emissions,Million Metric Tons of Carbon Dioxide
1103,NNEIEUS,200904,24.462,2,Natural Gas Electric Power Sector CO2 Emissions,Million Metric Tons of Carbon Dioxide
1104,NNEIEUS,200905,27.915,2,Natural Gas Electric Power Sector CO2 Emissions,Million Metric Tons of Carbon Dioxide
1105,NNEIEUS,200906,34.817,2,Natural Gas Electric Power Sector CO2 Emissions,Million Metric Tons of Carbon Dioxide
1106,NNEIEUS,200907,42.151,2,Natural Gas Electric Power Sector CO2 Emissions,Million Metric Tons of Carbon Dioxide
1107,NNEIEUS,200908,45.534,2,Natural Gas Electric Power Sector CO2 Emissions,Million Metric Tons of Carbon Dioxide
1108,NNEIEUS,200909,37.384,2,Natural Gas Electric Power Sector CO2 Emissions,Million Metric Tons of Carbon Dioxide
1109,NNEIEUS,200910,29.096,2,Natural Gas Electric Power Sector CO2 Emissions,Million Metric Tons of Carbon Dioxide
1110,NNEIEUS,200911,24.774,2,Natural Gas Electric Power Sector CO2 Emissions,Million Metric Tons of Carbon Dioxide
1111,NNEIEUS,200912,28.202,2,Natural Gas Electric Power Sector CO2 Emissions,Million Metric Tons of Carbon Dioxide
1112,NNEIEUS,200913,372.548,2,Natural Gas Electric Power Sector CO2 Emissions,Million Metric Tons of Carbon Dioxide
1113,NNEIEUS,201001,29.557,2,Natural Gas Electric Power Sector CO2 Emissions,Million Metric Tons of Carbon Dioxide
1114,NNEIEUS,201002,25.97,2,Natural Gas Electric Power Sector CO2 Emissions,Million Metric Tons of Carbon Dioxide
1115,NNEIEUS,201003,24.722,2,Natural Gas Electric Power Sector CO2 Emissions,Million Metric Tons of Carbon Dioxide
1116,NNEIEUS,201004,25.496,2,Natural Gas Electric Power Sector CO2 Emissions,Million Metric Tons of Carbon Dioxide
1117,NNEIEUS,201005,30.255,2,Natural Gas Electric Power Sector CO2 Emissions,Million Metric Tons of Carbon Dioxide
1118,NNEIEUS,201006,38.157,2,Natural Gas Electric Power Sector CO2 Emissions,Million Metric Tons of Carbon Dioxide
1119,NNEIEUS,201007,48.522,2,Natural Gas Electric Power Sector CO2 Emissions,Million Metric Tons of Carbon Dioxide
1120,NNEIEUS,201008,51.004,2,Natural Gas Electric Power Sector CO2 Emissions,Million Metric Tons of Carbon Dioxide
1121,NNEIEUS,201009,37.668,2,Natural Gas Electric Power Sector CO2 Emissions,Million Metric Tons of Carbon Dioxide
1122,NNEIEUS,201010,30.833,2,Natural Gas Electric Power Sector CO2 Emissions,Million Metric Tons of Carbon Dioxide
1123,NNEIEUS,201011,26.861,2,Natural Gas Electric Power Sector CO2 Emissions,Million Metric Tons of Carbon Dioxide
1124,NNEIEUS,201012,30.549,2,Natural Gas Electric Power Sector CO2 Emissions,Million Metric Tons of Carbon Dioxide
1125,NNEIEUS,201013,399.668,2,Natural Gas Electric Power Sector CO2 Emissions,Million Metric Tons of Carbon Dioxide
1126,NNEIEUS,201101,29.208,2,Natural Gas Electric Power Sector CO2 Emissions,Million Metric Tons of Carbon Dioxide
1127,NNEIEUS,201102,26.17,2,Natural Gas Electric Power Sector CO2 Emissions,Million Metric Tons of Carbon Dioxide
1128,NNEIEUS,201103,26.061,2,Natural Gas Electric Power Sector CO2 Emissions,Million Metric Tons of Carbon Dioxide
1129,NNEIEUS,201104,28.184,2,Natural Gas Electric Power Sector CO2 Emissions,Million Metric Tons of Carbon Dioxide
1130,NNEIEUS,201105,30.903,2,Natural Gas Electric Power Sector CO2 Emissions,Million Metric Tons of Carbon Dioxide
1131,NNEIEUS,201106,37.791,2,Natural Gas Electric Power Sector CO2 Emissions,Million Metric Tons of Carbon Dioxide
1132,NNEIEUS,201107,50.729,2,Natural Gas Electric Power Sector CO2 Emissions,Million Metric Tons of Carbon Dioxide
1133,NNEIEUS,201108,49.801,2,Natural Gas Electric Power Sector CO2 Emissions,Million Metric Tons of Carbon Dioxide
1134,NNEIEUS,201109,36.966,2,Natural Gas Electric Power Sector CO2 Emissions,Million Metric Tons of Carbon Dioxide
1135,NNEIEUS,201110,31.061,2,Natural Gas Electric Power Sector CO2 Emissions,Million Metric Tons of Carbon Dioxide
1136,NNEIEUS,201111,29.328,2,Natural Gas Electric Power Sector CO2 Emissions,Million Metric Tons of Carbon Dioxide
1137,NNEIEUS,201112,33.203,2,Natural Gas Electric Power Sector CO2 Emissions,Million Metric Tons of Carbon Dioxide
1138,NNEIEUS,201113,409.467,2,Natural Gas Electric Power Sector CO2 Emissions,Million Metric Tons of Carbon Dioxide
1139,NNEIEUS,201201,35.11,2,Natural Gas Electric Power Sector CO2 Emissions,Million Metric Tons of Carbon Dioxide
1140,NNEIEUS,201202,34.877,2,Natural Gas Electric Power Sector CO2 Emissions,Million Metric Tons of Carbon Dioxide
1141,NNEIEUS,201203,36.456,2,Natural Gas Electric Power Sector CO2 Emissions,Million Metric Tons of Carbon Dioxide
1142,NNEIEUS,201204,38.626,2,Natural Gas Electric Power Sector CO2 Emissions,Million Metric Tons of Carbon Dioxide
1143,NNEIEUS,201205,43.922,2,Natural Gas Electric Power Sector CO2 Emissions,Million Metric Tons of Carbon Dioxide
1144,NNEIEUS,201206,47.572,2,Natural Gas Electric Power Sector CO2 Emissions,Million Metric Tons of Carbon Dioxide
1145,NNEIEUS,201207,58.49,2,Natural Gas Electric Power Sector CO2 Emissions,Million Metric Tons of Carbon Dioxide
1146,NNEIEUS,201208,54.282,2,Natural Gas Electric Power Sector CO2 Emissions,Million Metric Tons of Carbon Dioxide
1147,NNEIEUS,201209,43.384,2,Natural Gas Electric Power Sector CO2 Emissions,Million Metric Tons of Carbon Dioxide
1148,NNEIEUS,201210,36.176,2,Natural Gas Electric Power Sector CO2 Emissions,Million Metric Tons of Carbon Dioxide
1149,NNEIEUS,201211,31.355,2,Natural Gas Electric Power Sector CO2 Emissions,Million Metric Tons of Carbon Dioxide
1150,NNEIEUS,201212,32.434,2,Natural Gas Electric Power Sector CO2 Emissions,Million Metric Tons of Carbon Dioxide
1151,NNEIEUS,201213,492.726,2,Natural Gas Electric Power Sector CO2 Emissions,Million Metric Tons of Carbon Dioxide
1152,NNEIEUS,201301,34.27,2,Natural Gas Electric Power Sector CO2 Emissions,Million Metric Tons of Carbon Dioxide
1153,NNEIEUS,201302,30.835,2,Natural Gas Electric Power Sector CO2 Emissions,Million Metric Tons of Carbon Dioxide
1154,NNEIEUS,201303,32.755,2,Natural Gas Electric Power Sector CO2 Emissions,Million Metric Tons of Carbon Dioxide
1155,NNEIEUS,201304,30.619,2,Natural Gas Electric Power Sector CO2 Emissions,Million Metric Tons of Carbon Dioxide
1156,NNEIEUS,201305,33.314,2,Natural Gas Electric Power Sector CO2 Emissions,Million Metric Tons of Carbon Dioxide
1157,NNEIEUS,201306,39.947,2,Natural Gas Electric Power Sector CO2 Emissions,Million Metric Tons of Carbon Dioxide
1158,NNEIEUS,201307,49.382,2,Natural Gas Electric Power Sector CO2 Emissions,Million Metric Tons of Carbon Dioxide
1159,NNEIEUS,201308,48.808,2,Natural Gas Electric Power Sector CO2 Emissions,Million Metric Tons of Carbon Dioxide
1160,NNEIEUS,201309,40.723,2,Natural Gas Electric Power Sector CO2 Emissions,Million Metric Tons of Carbon Dioxide
1161,NNEIEUS,201310,34.523,2,Natural Gas Electric Power Sector CO2 Emissions,Million Metric Tons of Carbon Dioxide
1162,NNEIEUS,201311,32.592,2,Natural Gas Electric Power Sector CO2 Emissions,Million Metric Tons of Carbon Dioxide
1163,NNEIEUS,201312,36.283,2,Natural Gas Electric Power Sector CO2 Emissions,Million Metric Tons of Carbon Dioxide
1164,NNEIEUS,201313,444.109,2,Natural Gas Electric Power Sector CO2 Emissions,Million Metric Tons of Carbon Dioxide
1165,NNEIEUS,201401,36.083,2,Natural Gas Electric Power Sector CO2 Emissions,Million Metric Tons of Carbon Dioxide
1166,NNEIEUS,201402,29.994,2,Natural Gas Electric Power Sector CO2 Emissions,Million Metric Tons of Carbon Dioxide
1167,NNEIEUS,201403,30.511,2,Natural Gas Electric Power Sector CO2 Emissions,Million Metric Tons of Carbon Dioxide
1168,NNEIEUS,201404,29.844,2,Natural Gas Electric Power Sector CO2 Emissions,Million Metric Tons of Carbon Dioxide
1169,NNEIEUS,201405,35.162,2,Natural Gas Electric Power Sector CO2 Emissions,Million Metric Tons of Carbon Dioxide
1170,NNEIEUS,201406,39.173,2,Natural Gas Electric Power Sector CO2 Emissions,Million Metric Tons of Carbon Dioxide
1171,NNEIEUS,201407,45.838,2,Natural Gas Electric Power Sector CO2 Emissions,Million Metric Tons of Carbon Dioxide
1172,NNEIEUS,201408,48.803,2,Natural Gas Electric Power Sector CO2 Emissions,Million Metric Tons of Carbon Dioxide
1173,NNEIEUS,201409,41.903,2,Natural Gas Electric Power Sector CO2 Emissions,Million Metric Tons of Carbon Dioxide
1174,NNEIEUS,201410,38.233,2,Natural Gas Electric Power Sector CO2 Emissions,Million Metric Tons of Carbon Dioxide
1175,NNEIEUS,201411,32.657,2,Natural Gas Electric Power Sector CO2 Emissions,Million Metric Tons of Carbon Dioxide
1176,NNEIEUS,201412,34.752,2,Natural Gas Electric Power Sector CO2 Emissions,Million Metric Tons of Carbon Dioxide
1177,NNEIEUS,201413,443.03,2,Natural Gas Electric Power Sector CO2 Emissions,Million Metric Tons of Carbon Dioxide
1178,NNEIEUS,201501,38.887,2,Natural Gas Electric Power Sector CO2 Emissions,Million Metric Tons of Carbon Dioxide
1179,NNEIEUS,201502,35.446,2,Natural Gas Electric Power Sector CO2 Emissions,Million Metric Tons of Carbon Dioxide
1180,NNEIEUS,201503,38.731,2,Natural Gas Electric Power Sector CO2 Emissions,Million Metric Tons of Carbon Dioxide
1181,NNEIEUS,201504,36.28,2,Natural Gas Electric Power Sector CO2 Emissions,Million Metric Tons of Carbon Dioxide
1182,NNEIEUS,201505,40.102,2,Natural Gas Electric Power Sector CO2 Emissions,Million Metric Tons of Carbon Dioxide
1183,NNEIEUS,201506,48.409,2,Natural Gas Electric Power Sector CO2 Emissions,Million Metric Tons of Carbon Dioxide
1184,NNEIEUS,201507,57.104,2,Natural Gas Electric Power Sector CO2 Emissions,Million Metric Tons of Carbon Dioxide
1185,NNEIEUS,201508,56.068,2,Natural Gas Electric Power Sector CO2 Emissions,Million Metric Tons of Carbon Dioxide
1186,NNEIEUS,201509,48.876,2,Natural Gas Electric Power Sector CO2 Emissions,Million Metric Tons of Carbon Dioxide
1187,NNEIEUS,201510,43.226,2,Natural Gas Electric Power Sector CO2 Emissions,Million Metric Tons of Carbon Dioxide
1188,NNEIEUS,201511,40.015,2,Natural Gas Electric Power Sector CO2 Emissions,Million Metric Tons of Carbon Dioxide
1189,NNEIEUS,201512,42.003,2,Natural Gas Electric Power Sector CO2 Emissions,Million Metric Tons of Carbon Dioxide
1190,NNEIEUS,201513,525.209,2,Natural Gas Electric Power Sector CO2 Emissions,Million Metric Tons of Carbon Dioxide
1191,NNEIEUS,201601,42.27,2,Natural Gas Electric Power Sector CO2 Emissions,Million Metric Tons of Carbon Dioxide
1192,NNEIEUS,201602,37.667,2,Natural Gas Electric Power Sector CO2 Emissions,Million Metric Tons of Carbon Dioxide
1193,NNEIEUS,201603,40.653,2,Natural Gas Electric Power Sector CO2 Emissions,Million Metric Tons of Carbon Dioxide
1194,NNEIEUS,201604,39.231,2,Natural Gas Electric Power Sector CO2 Emissions,Million Metric Tons of Carbon Dioxide
1195,NNEIEUS,201605,43.89,2,Natural Gas Electric Power Sector CO2 Emissions,Million Metric Tons of Carbon Dioxide
1196,NNEIEUS,201606,52.949,2,Natural Gas Electric Power Sector CO2 Emissions,Million Metric Tons of Carbon Dioxide
1197,NNEIEUS,201607,62.215,2,Natural Gas Electric Power Sector CO2 Emissions,Million Metric Tons of Carbon Dioxide
1198,NNEIEUS,201608,62.833,2,Natural Gas Electric Power Sector CO2 Emissions,Million Metric Tons of Carbon Dioxide
1199,NNEIEUS,201609,49.944,2,Natural Gas Electric Power Sector CO2 Emissions,Million Metric Tons of Carbon Dioxide
1200,NNEIEUS,201610,40.581,2,Natural Gas Electric Power Sector CO2 Emissions,Million Metric Tons of Carbon Dioxide
1201,NNEIEUS,201611,36.135,2,Natural Gas Electric Power Sector CO2 Emissions,Million Metric Tons of Carbon Dioxide
1202,NNEIEUS,201612,36.633,2,Natural Gas Electric Power Sector CO2 Emissions,Million Metric Tons of Carbon Dioxide
1203,NNEIEUS,201613,545.042,2,Natural Gas Electric Power Sector CO2 Emissions,Million Metric Tons of Carbon Dioxide
1204,NNEIEUS,201701,36.054,2,Natural Gas Electric Power Sector CO2 Emissions,Million Metric Tons of Carbon Dioxide
1205,NNEIEUS,201702,31.075,2,Natural Gas Electric Power Sector CO2 Emissions,Million Metric Tons of Carbon Dioxide
1206,NNEIEUS,201703,36.718,2,Natural Gas Electric Power Sector CO2 Emissions,Million Metric Tons of Carbon Dioxide
1207,NNEIEUS,201704,34.215,2,Natural Gas Electric Power Sector CO2 Emissions,Million Metric Tons of Carbon Dioxide
1208,NNEIEUS,201705,38.166,2,Natural Gas Electric Power Sector CO2 Emissions,Million Metric Tons of Carbon Dioxide
1209,NNEIEUS,201706,46.386,2,Natural Gas Electric Power Sector CO2 Emissions,Million Metric Tons of Carbon Dioxide
1210,NNEIEUS,201707,59.004,2,Natural Gas Electric Power Sector CO2 Emissions,Million Metric Tons of Carbon Dioxide
1211,NNEIEUS,201708,55.747,2,Natural Gas Electric Power Sector CO2 Emissions,Million Metric Tons of Carbon Dioxide
1212,NNEIEUS,201709,46.821,2,Natural Gas Electric Power Sector CO2 Emissions,Million Metric Tons of Carbon Dioxide
1213,NNEIEUS,201710,42.115,2,Natural Gas Electric Power Sector CO2 Emissions,Million Metric Tons of Carbon Dioxide
1214,NNEIEUS,201711,36.355,2,Natural Gas Electric Power Sector CO2 Emissions,Million Metric Tons of Carbon Dioxide
1215,NNEIEUS,201712,42.855,2,Natural Gas Electric Power Sector CO2 Emissions,Million Metric Tons of Carbon Dioxide
1216,NNEIEUS,201713,505.566,2,Natural Gas Electric Power Sector CO2 Emissions,Million Metric Tons of Carbon Dioxide
1217,NNEIEUS,201801,42.889,2,Natural Gas Electric Power Sector CO2 Emissions,Million Metric Tons of Carbon Dioxide
1218,NNEIEUS,201802,37.642,2,Natural Gas Electric Power Sector CO2 Emissions,Million Metric Tons of Carbon Dioxide
1219,NNEIEUS,201803,41.263,2,Natural Gas Electric Power Sector CO2 Emissions,Million Metric Tons of Carbon Dioxide
1220,NNEIEUS,201804,38.379,2,Natural Gas Electric Power Sector CO2 Emissions,Million Metric Tons of Carbon Dioxide
1221,NNEIEUS,201805,46.213,2,Natural Gas Electric Power Sector CO2 Emissions,Million Metric Tons of Carbon Dioxide
1222,NNEIEUS,201806,51.912,2,Natural Gas Electric Power Sector CO2 Emissions,Million Metric Tons of Carbon Dioxide
1223,NNEIEUS,201807,66.697,2,Natural Gas Electric Power Sector CO2 Emissions,Million Metric Tons of Carbon Dioxide
1224,NNEIEUS,201808,64.619,2,Natural Gas Electric Power Sector CO2 Emissions,Million Metric Tons of Carbon Dioxide
1225,NNEIEUS,201809,56.12,2,Natural Gas Electric Power Sector CO2 Emissions,Million Metric Tons of Carbon Dioxide
1226,NNEIEUS,201810,48.386,2,Natural Gas Electric Power Sector CO2 Emissions,Million Metric Tons of Carbon Dioxide
1227,NNEIEUS,201811,41.604,2,Natural Gas Electric Power Sector CO2 Emissions,Million Metric Tons of Carbon Dioxide
1228,NNEIEUS,201812,41.572,2,Natural Gas Electric Power Sector CO2 Emissions,Million Metric Tons of Carbon Dioxide
1229,NNEIEUS,201813,577.361,2,Natural Gas Electric Power Sector CO2 Emissions,Million Metric Tons of Carbon Dioxide
1230,NNEIEUS,201901,46.349,2,Natural Gas Electric Power Sector CO2 Emissions,Million Metric Tons of Carbon Dioxide
1231,NNEIEUS,201902,42.566,2,Natural Gas Electric Power Sector CO2 Emissions,Million Metric Tons of Carbon Dioxide
1232,NNEIEUS,201903,44.424,2,Natural Gas Electric Power Sector CO2 Emissions,Million Metric Tons of Carbon Dioxide
1233,NNEIEUS,201904,40.368,2,Natural Gas Electric Power Sector CO2 Emissions,Million Metric Tons of Carbon Dioxide
1234,NNEIEUS,201905,45.62,2,Natural Gas Electric Power Sector CO2 Emissions,Million Metric Tons of Carbon Dioxide
1235,NNEIEUS,201906,54.052,2,Natural Gas Electric Power Sector CO2 Emissions,Million Metric Tons of Carbon Dioxide
1236,NNEIEUS,201907,68.479,2,Natural Gas Electric Power Sector CO2 Emissions,Million Metric Tons of Carbon Dioxide
1237,NNEIEUS,201908,69.746,2,Natural Gas Electric Power Sector CO2 Emissions,Million Metric Tons of Carbon Dioxide
1238,NNEIEUS,201909,58.976,2,Natural Gas Electric Power Sector CO2 Emissions,Million Metric Tons of Carbon Dioxide
1239,NNEIEUS,201910,51.112,2,Natural Gas Electric Power Sector CO2 Emissions,Million Metric Tons of Carbon Dioxide
1240,NNEIEUS,201911,44.707,2,Natural Gas Electric Power Sector CO2 Emissions,Million Metric Tons of Carbon Dioxide
1241,NNEIEUS,201912,49.776,2,Natural Gas Electric Power Sector CO2 Emissions,Million Metric Tons of Carbon Dioxide
1242,NNEIEUS,201913,616.231,2,Natural Gas Electric Power Sector CO2 Emissions,Million Metric Tons of Carbon Dioxide
1243,NNEIEUS,202001,50.809,2,Natural Gas Electric Power Sector CO2 Emissions,Million Metric Tons of Carbon Dioxide
1244,NNEIEUS,202002,47.94,2,Natural Gas Electric Power Sector CO2 Emissions,Million Metric Tons of Carbon Dioxide
1245,NNEIEUS,202003,47.928,2,Natural Gas Electric Power Sector CO2 Emissions,Million Metric Tons of Carbon Dioxide
1246,NNEIEUS,202004,41.644,2,Natural Gas Electric Power Sector CO2 Emissions,Million Metric Tons of Carbon Dioxide
1247,NNEIEUS,202005,45.455,2,Natural Gas Electric Power Sector CO2 Emissions,Million Metric Tons of Carbon Dioxide
1248,NNEIEUS,202006,56.997,2,Natural Gas Electric Power Sector CO2 Emissions,Million Metric Tons of Carbon Dioxide
1249,NNEIEUS,202007,74.818,2,Natural Gas Electric Power Sector CO2 Emissions,Million Metric Tons of Carbon Dioxide
1250,NNEIEUS,202008,69.778,2,Natural Gas Electric Power Sector CO2 Emissions,Million Metric Tons of Carbon Dioxide
1251,NNEIEUS,202009,56.571,2,Natural Gas Electric Power Sector CO2 Emissions,Million Metric Tons of Carbon Dioxide
1252,NNEIEUS,202010,52.012,2,Natural Gas Electric Power Sector CO2 Emissions,Million Metric Tons of Carbon Dioxide
1253,NNEIEUS,202011,41.835,2,Natural Gas Electric Power Sector CO2 Emissions,Million Metric Tons of Carbon Dioxide
1254,NNEIEUS,202012,47.609,2,Natural Gas Electric Power Sector CO2 Emissions,Million Metric Tons of Carbon Dioxide
1255,NNEIEUS,202013,633.432,2,Natural Gas Electric Power Sector CO2 Emissions,Million Metric Tons of Carbon Dioxide
1256,NNEIEUS,202101,47.271,2,Natural Gas Electric Power Sector CO2 Emissions,Million Metric Tons of Carbon Dioxide
1257,NNEIEUS,202102,42.979,2,Natural Gas Electric Power Sector CO2 Emissions,Million Metric Tons of Carbon Dioxide
1258,NNEIEUS,202103,40.583,2,Natural Gas Electric Power Sector CO2 Emissions,Million Metric Tons of Carbon Dioxide
1259,NNEIEUS,202104,41.075,2,Natural Gas Electric Power Sector CO2 Emissions,Million Metric Tons of Carbon Dioxide
1260,NNEIEUS,202105,44.504,2,Natural Gas Electric Power Sector CO2 Emissions,Million Metric Tons of Carbon Dioxide
1261,NNEIEUS,202106,59.001,2,Natural Gas Electric Power Sector CO2 Emissions,Million Metric Tons of Carbon Dioxide
1262,NNEIEUS,202107,67.136,2,Natural Gas Electric Power Sector CO2 Emissions,Million Metric Tons of Carbon Dioxide
1263,NNEIEUS,202108,68.496,2,Natural Gas Electric Power Sector CO2 Emissions,Million Metric Tons of Carbon Dioxide
